0,Predicted Type
present food aw,0
worst food servic,0
never dine place,0
guess mayb went night disgrac,0
sushi lover avoid place mean,0
ambianc much better,0
hole wall great mexican street taco friendli staff,1
food bad enough enjoy deal world worst annoy drunk peopl,0
never ever go back,0
atmospher fun,1
pancak also realli good pretti larg,1
tapa dish delici,1
chain fan beat place easili,1
everyon attent provid excel custom servic,1
staff also friendli effici,1
love friendli server great food wonder imagin menu,1
disappoint dinner went elsewher dessert,0
perhap caught night judg review not inspir go back,0
disgust pretti sure human hair,0
sweet potato fri good season well,1
like final blow,0
place jewel la vega exactli hope find nearli ten year live,0
fantast food,1
order toast english muffin came untoast,1
order albondiga soup warm tast like tomato soup frozen meatbal,1
staff super nice quick even crazi crowd downtown juri lawyer court staff,1
thing like prime rib dessert section,1
love mussel cook wine reduct duck tender potato dish delici,1
food good servic good price good,1
crust not good,0
cr pe delic thin moist,1
said mouth belli still quit pleas,1
absolut must visit,0
receiv pita huge lot meat thumb,0
servic fantast,1
friend pasta also bad bare touch,0
real disappoint waiter,0
wife lobster bisqu soup lukewarm,0
brought fresh batch fri think yay someth warm,0
thu far visit twice food absolut delici time,1
wonder experi made place must stop whenev town,1
appetit instantli gone,1
promptli greet seat,1
needless say never back,0
noth privileg work eat,0
bland flavorless good way describ bare tepid meat,0
place honestli blown,1
waiter help friendli rare check us,1
point friend basic figur place joke mind make publicli loudli known,1
hate thing much cheap qualiti black oliv,0
truli unbeliev good glad went back,1
get incred fresh fish prepar care,1
restaur atmospher exquisit,1
servic quick friendli,1
hot dish not hot cold dish close room temp watch staff prepar food bare hand glove everyth deep fri oil,0
look authent thai food go els,0
beat,0
veggitarian platter world,0
lack flavor seem undercook dri,0
bread made hous,1
consid theft,1
mayb cold would somewhat edibl,0
husband ate lunch disappoint food servic,0
warm beer help,1
assur disappoint,0
live music friday total blow,0
seafood fresh gener portion,1
place two thumb way,0
greek dress creami flavor,1
swung give tri deepli disappoint,0
love decor chines calligraphi wall paper,1
food excel servic good,1
restaur clean famili restaur feel,1
much better ayc sushi place went vega,0
bad lost heart finish,0
servic give star,0
def come back bowl next time,0
chip salsa realli good salsa fresh,1
got sit fairli fast end wait minut place order anoth minut food arriv,0
patio seat comfort,1
bar vega not ever recal charg tap water,0
food good enjoy everi mouth enjoy relax venu coupl small famili group etc,1
come back everi time vega,1
food averag,0
new fav vega buffet spot,1
sergeant pepper beef sandwich auju sauc excel sandwich well,1
descript said yum yum sauc anoth said eel sauc yet anoth said spici mayo well none roll sauc,1
rather eat airlin food serious,0
first crawfish experi delici,1
weird vibe owner,1
far sushi connoisseur definit tell differ good food bad food certainli bad food,0
daili special alway hit group,1
ri style calamari joke,0
mac salad pretti bland not get,0
wait hour seat not greatest mood,0
small famili restaur fine dine establish,0
hour serious,0
go back next trip,0
would come back sushi crave vega,0
place lot promis fail deliv,1
nacho must,0
boyfriend sat bar complet delight experi,1
great food servic huge portion give militari discount,1
buffet bellagio far anticip,1
back good bbq lighter fare reason price tell public back old way,1
tri go lunch madhous,0
staff attent,1
great atmospher friendli fast servic,1
husband said rude not even apolog bad food anyth,0
extrem tasti,0
food arriv quickli,0
steak recommend,1
think run back carli anytim soon food,0
first time might last,1
tabl servic pretti fast,0
recommend unless car break front starv,1
spici enough perfect actual,1
servic outshin definit recommend halibut,1
awesom,1
reason price also,1
pretti satifi experi,0
order not correct,0
servic fine waitress friendli,1
bit sweet not realli spici enough lack flavor,0
least think refil water struggl wave minut,0
could not believ dirti oyster,0
dine space tini elegantli decor comfort,1
place not qualiti sushi not qualiti restaur,0
build seem pretti neat bathroom pretti trippi eat,0
made drive way north scottsdal not one bit disappoint,0
tragedi struck,0
four star food guy blue shirt great vibe still let us eat,1
got home see driest damn wing ever,0
read pleas go,0
sat right time server get go fantast,1
pretti awesom place,1
food good,1
fri great,1
bartend also nice,1
better bagel groceri store,0
good thing waiter help kept bloddi mari come,0
cow tongu cheek taco amaz,1
oh thing beauti restaur,1
base sub par servic receiv effort show gratitud busi go back,0
think not,0
mistak,0
never ever go back told mani peopl happen,0
summar food incred nay transcend noth bring joy quit like memori pneumat condiment dispens,0
portion huge,0
overal like place lot,1
cant go wrong food,0
also combo like burger fri beer decent deal,0
great place eat remind littl mom pop shop san francisco bay area,1
great place eat,1
happen next pretti put,1
refri bean came meal dri crusti food bland,0
nargil think great,1
pretti cool would say,0
place pretti good nice littl vibe restaur,1
select food not best,0
boy sucker dri,0
shrimp unwrap live mile brushfir liter ice cold,0
steak amaz rge fillet relleno best seafood plate ever,1
alway pleasur deal,1
also took forev bring us check ask,1
rude inconsider manag,0
downsid servic,0
slow seat even reserv,0
terribl,0
first time go think quickli becom regular,0
chipolt ranch dip saus tasteless seem thin water heat,0
good go review place twice herea tribut place tribut event held last night,1
bathroom clean place well decor,1
food qualiti horribl,0
wors humili worker right front bunch horribl name call,0
wonton thin not thick chewi almost melt mouth,0
horribl wast time money,0
great food,1
servic extrem slow,0
nice blanket moz top feel like done cover subpar food,1
block amaz,1
wast enough life pour salt wound draw time took bring check,1
due fact took minut acknowledg anoth minut get food kept forget thing,0
bu boy hand rude,0
would avoid place stay mirag,0
everi time eat see care teamwork profession degre,0
tonight elk filet special suck,0
best tater tot southwest,1
bother slow servic,0
servic friendli invit,1
excel,1
one tabl thought food averag worth wait,0
huge awkward lb piec cow th gristl fat,0
get angri want damn pho,0
hot sour egg flower soup absolut star,1
servic slow not attent,0
food great alway compliment chef,1
waitress good though,1
not much flavor poorli construct,0
fianc came middl day greet seat right away,1
